threshold,precision,recall,f1,accuracy
0.01,0.4176829268292683,1.0,0.589247311827957,0.4176829268292683
0.02,0.4176829268292683,1.0,0.589247311827957,0.4176829268292683
0.03,0.4176829268292683,1.0,0.589247311827957,0.4176829268292683
0.04,0.4176829268292683,1.0,0.589247311827957,0.4176829268292683
0.05,0.4176829268292683,1.0,0.589247311827957,0.4176829268292683
0.060000000000000005,0.4176829268292683,1.0,0.589247311827957,0.4176829268292683
0.06999999999999999,0.4176829268292683,1.0,0.589247311827957,0.4176829268292683
0.08,0.4176829268292683,1.0,0.589247311827957,0.4176829268292683
0.09,0.4176829268292683,1.0,0.589247311827957,0.4176829268292683
0.09999999999999999,0.4176829268292683,1.0,0.589247311827957,0.4176829268292683
0.11,0.4183206106870229,1.0,0.589881593110872,0.4192073170731707
0.12,0.4183206106870229,1.0,0.589881593110872,0.4192073170731707
0.13,0.4183206106870229,1.0,0.589881593110872,0.4192073170731707
0.14,0.4183206106870229,1.0,0.589881593110872,0.4192073170731707
0.15000000000000002,0.4183206106870229,1.0,0.589881593110872,0.4192073170731707
0.16,0.4183206106870229,1.0,0.589881593110872,0.4192073170731707
0.17,0.4183206106870229,1.0,0.589881593110872,0.4192073170731707
0.18000000000000002,0.4183206106870229,1.0,0.589881593110872,0.4192073170731707
0.19,0.4183206106870229,1.0,0.589881593110872,0.4192073170731707
0.2,0.4183206106870229,1.0,0.589881593110872,0.4192073170731707
0.21000000000000002,0.4183206106870229,1.0,0.589881593110872,0.4192073170731707
0.22,0.4183206106870229,1.0,0.589881593110872,0.4192073170731707
0.23,0.4183206106870229,1.0,0.589881593110872,0.4192073170731707
0.24000000000000002,0.4183206106870229,1.0,0.589881593110872,0.4192073170731707
0.25,0.4183206106870229,1.0,0.589881593110872,0.4192073170731707
0.26,0.4183206106870229,1.0,0.589881593110872,0.4192073170731707
0.27,0.4183206106870229,1.0,0.589881593110872,0.4192073170731707
0.28,0.4183206106870229,1.0,0.589881593110872,0.4192073170731707
0.29000000000000004,0.4183206106870229,1.0,0.589881593110872,0.4192073170731707
0.3,0.4183206106870229,1.0,0.589881593110872,0.4192073170731707
0.31,0.4183206106870229,1.0,0.589881593110872,0.4192073170731707
0.32,0.4183206106870229,1.0,0.589881593110872,0.4192073170731707
0.33,0.4183206106870229,1.0,0.589881593110872,0.4192073170731707
0.34,0.4183206106870229,1.0,0.589881593110872,0.4192073170731707
0.35000000000000003,0.4183206106870229,1.0,0.589881593110872,0.4192073170731707
0.36000000000000004,0.4183206106870229,1.0,0.589881593110872,0.4192073170731707
0.37,0.4183206106870229,1.0,0.589881593110872,0.4192073170731707
0.38,0.4183206106870229,1.0,0.589881593110872,0.4192073170731707
0.39,0.4183206106870229,1.0,0.589881593110872,0.4192073170731707
0.4,0.4183206106870229,1.0,0.589881593110872,0.4192073170731707
0.41000000000000003,0.4183206106870229,1.0,0.589881593110872,0.4192073170731707
0.42000000000000004,0.4183206106870229,1.0,0.589881593110872,0.4192073170731707
0.43,0.4183206106870229,1.0,0.589881593110872,0.4192073170731707
0.44,0.4183206106870229,1.0,0.589881593110872,0.4192073170731707
0.45,0.4183206106870229,1.0,0.589881593110872,0.4192073170731707
0.46,0.4183206106870229,1.0,0.589881593110872,0.4192073170731707
0.47000000000000003,0.4183206106870229,1.0,0.589881593110872,0.4192073170731707
0.48000000000000004,0.4183206106870229,1.0,0.589881593110872,0.4192073170731707
0.49,0.4183206106870229,1.0,0.589881593110872,0.4192073170731707
0.5,0.4183206106870229,1.0,0.589881593110872,0.4192073170731707
0.51,0.41896024464831805,1.0,0.5905172413793104,0.42073170731707316
0.52,0.0,0.0,0.0,0.5823170731707317
0.53,0.0,0.0,0.0,0.5823170731707317
0.54,0.0,0.0,0.0,0.5823170731707317
0.55,0.0,0.0,0.0,0.5823170731707317
0.56,0.0,0.0,0.0,0.5823170731707317
0.5700000000000001,0.0,0.0,0.0,0.5823170731707317
0.5800000000000001,0.0,0.0,0.0,0.5823170731707317
0.59,0.0,0.0,0.0,0.5823170731707317
0.6,0.0,0.0,0.0,0.5823170731707317
0.61,0.0,0.0,0.0,0.5823170731707317
0.62,0.0,0.0,0.0,0.5823170731707317
0.63,0.0,0.0,0.0,0.5823170731707317
0.64,0.0,0.0,0.0,0.5823170731707317
0.65,0.0,0.0,0.0,0.5823170731707317
0.66,0.0,0.0,0.0,0.5823170731707317
0.67,0.0,0.0,0.0,0.5823170731707317
0.68,0.0,0.0,0.0,0.5823170731707317
0.6900000000000001,0.0,0.0,0.0,0.5823170731707317
0.7000000000000001,0.0,0.0,0.0,0.5823170731707317
0.7100000000000001,0.0,0.0,0.0,0.5823170731707317
0.72,0.0,0.0,0.0,0.5823170731707317
0.73,0.0,0.0,0.0,0.5823170731707317
0.74,0.0,0.0,0.0,0.5823170731707317
0.75,0.0,0.0,0.0,0.5823170731707317
0.76,0.0,0.0,0.0,0.5823170731707317
0.77,0.0,0.0,0.0,0.5823170731707317
0.78,0.0,0.0,0.0,0.5823170731707317
0.79,0.0,0.0,0.0,0.5823170731707317
0.8,0.0,0.0,0.0,0.5823170731707317
0.81,0.0,0.0,0.0,0.5823170731707317
0.8200000000000001,0.0,0.0,0.0,0.5823170731707317
0.8300000000000001,0.0,0.0,0.0,0.5823170731707317
0.8400000000000001,0.0,0.0,0.0,0.5823170731707317
0.85,0.0,0.0,0.0,0.5823170731707317
0.86,0.0,0.0,0.0,0.5823170731707317
0.87,0.0,0.0,0.0,0.5823170731707317
0.88,0.0,0.0,0.0,0.5823170731707317
0.89,0.0,0.0,0.0,0.5823170731707317
0.9,0.0,0.0,0.0,0.5823170731707317
0.91,0.0,0.0,0.0,0.5823170731707317
0.92,0.0,0.0,0.0,0.5823170731707317
0.93,0.0,0.0,0.0,0.5823170731707317
0.9400000000000001,0.0,0.0,0.0,0.5823170731707317
0.9500000000000001,0.0,0.0,0.0,0.5823170731707317
0.9600000000000001,0.0,0.0,0.0,0.5823170731707317
0.97,0.0,0.0,0.0,0.5823170731707317
0.98,0.0,0.0,0.0,0.5823170731707317
0.99,0.0,0.0,0.0,0.5823170731707317
